timestamp,Biking,Boating,Bowling,Dancing,Doing aerobics,Doing yoga,Golfing,Hiking,Participating in martial arts,Participating in water sports,Playing baseball,Playing basketball,Playing billiards,Playing football,Playing soccer,Playing volleyball,Rollerblading,Running,"Skiing, ice skating, snowboarding",Softball,Using cardiovascular equipment,Vehicle touring/racing,Walking,"Working out, unspecified"
0.0,7.22,22.3,123.0,627.0,10.3,2.65,17.8,0.0,0.0,22.4,0.0,17.6,421.0,6.62,0.0,0.0,25.6,64.5,1.82,0.0,106.0,31.6,126.0,115.0
5.0,2.71,20.2,93.4,558.0,10.3,0.0,16.8,0.0,0.0,17.8,0.0,19.0,324.0,6.62,0.0,0.0,12.8,64.5,0.0,0.0,76.1,27.8,76.7,68.2
10.0,2.71,20.2,93.4,572.0,10.3,0.0,16.8,0.0,0.0,17.8,0.0,19.0,328.0,6.62,0.0,0.0,12.8,64.5,0.0,0.0,57.2,27.8,73.5,73.2
15.0,2.71,20.2,93.4,575.0,10.3,3.76,16.8,0.0,0.0,17.8,0.0,19.0,323.0,6.62,0.0,0.0,12.8,64.5,0.0,0.0,52.2,27.8,70.9,63.8
20.0,2.71,20.2,90.6,558.0,10.3,3.76,16.8,0.0,0.0,17.8,0.0,19.0,310.0,6.62,0.0,0.0,12.8,64.5,0.0,0.0,47.5,27.8,57.4,71.0
25.0,2.71,20.2,88.1,551.0,10.3,3.76,16.8,0.0,0.0,24.0,0.0,19.0,310.0,6.62,0.0,0.0,0.0,64.5,0.0,0.0,12.2,26.2,62.0,71.0
30.0,2.71,20.2,88.1,550.0,10.3,0.0,16.8,0.0,0.0,24.0,0.0,19.0,308.0,6.62,0.0,0.0,0.0,64.5,0.0,0.0,34.9,26.2,71.9,93.6
35.0,2.71,20.2,86.4,497.0,10.3,0.0,16.8,0.0,0.0,18.8,0.0,19.0,258.0,6.62,0.0,0.0,0.0,64.5,0.0,0.0,22.7,26.2,56.3,111.0
40.0,2.71,20.2,84.6,504.0,0.0,0.0,16.8,0.0,0.0,18.8,0.0,19.0,262.0,6.62,0.0,0.0,0.0,64.5,0.0,0.0,22.7,26.2,56.3,113.0
45.0,2.71,20.2,84.6,515.0,0.0,0.0,16.8,0.0,0.0,18.8,0.0,19.0,302.0,6.62,0.0,0.0,0.0,64.5,0.0,0.0,27.8,26.2,52.7,113.0
50.0,2.71,20.2,102.0,505.0,0.0,0.0,16.8,0.0,0.0,18.8,0.0,19.0,283.0,6.62,0.0,0.0,0.0,64.5,0.0,0.0,27.8,26.2,46.2,80.1
55.0,2.71,20.2,102.0,505.0,0.0,0.0,16.8,0.0,0.0,18.8,0.0,19.0,260.0,6.62,0.0,0.0,0.0,64.5,0.0,0.0,27.8,26.2,45.1,80.1
60.0,2.71,20.2,102.0,507.0,0.0,0.0,16.8,0.0,0.0,18.8,0.0,19.0,265.0,6.62,0.0,11.7,3.88,64.5,0.0,0.0,27.8,26.2,62.8,70.3
65.0,2.71,20.2,62.2,395.0,0.0,0.0,16.8,0.0,0.0,14.5,0.0,10.7,220.0,6.62,0.0,11.7,3.88,64.5,0.0,0.0,32.8,24.7,62.9,65.6
70.0,2.71,20.2,62.2,379.0,0.0,0.0,16.8,0.0,0.0,14.5,0.0,10.7,210.0,6.62,0.0,11.7,3.88,75.5,0.0,0.0,32.8,24.7,60.7,50.9
75.0,2.71,20.2,62.2,377.0,0.0,0.0,16.8,0.0,0.0,14.5,0.0,7.03,202.0,6.62,0.0,11.7,3.88,75.5,0.0,0.0,48.7,24.7,57.7,43.7
80.0,2.71,20.2,53.3,375.0,0.0,0.0,16.8,0.0,0.0,14.5,0.0,7.03,198.0,6.62,0.0,11.7,3.88,75.5,0.0,0.0,26.0,24.7,52.0,58.1
85.0,2.71,20.2,53.3,372.0,0.0,0.0,16.8,0.0,0.0,14.5,0.0,5.04,198.0,6.62,0.0,11.7,3.88,75.5,0.0,0.0,26.0,24.7,52.0,49.0
90.0,2.71,20.2,53.3,400.0,0.0,0.0,16.8,0.0,0.0,26.1,0.0,5.04,210.0,6.62,0.0,11.7,3.88,75.5,0.0,0.0,26.0,24.7,57.5,43.1
95.0,2.71,20.2,53.3,381.0,0.0,0.0,16.8,0.0,0.0,26.1,0.0,5.04,177.0,6.62,0.0,0.0,3.88,0.0,0.0,0.0,15.9,24.7,80.9,105.0
100.0,2.71,20.2,53.3,376.0,0.0,0.0,16.8,0.0,0.0,26.1,0.0,5.04,175.0,6.62,0.0,0.0,3.88,7.16,0.0,0.0,15.9,24.7,80.9,98.2
105.0,2.71,20.2,53.3,386.0,0.0,0.0,0.0,0.0,0.0,26.1,0.0,5.04,175.0,6.62,0.0,0.0,3.88,12.2,0.0,0.0,15.9,24.7,83.9,84.4
110.0,2.71,20.2,53.3,365.0,0.0,0.0,0.0,0.0,0.0,26.1,0.0,5.04,129.0,6.62,0.0,0.0,0.0,12.2,0.0,0.0,15.9,24.7,87.6,97.0
115.0,2.71,20.2,53.3,357.0,0.0,0.0,0.0,0.0,0.0,26.1,0.0,5.04,118.0,6.62,0.0,0.0,0.0,12.2,0.0,0.0,0.0,24.7,86.7,97.0
120.0,2.71,20.2,53.3,358.0,0.0,0.0,0.0,0.0,0.0,32.8,0.0,5.04,118.0,6.62,0.0,0.0,0.0,12.2,0.0,0.0,0.0,24.7,147.0,121.0
125.0,2.71,20.2,25.2,245.0,0.0,0.0,0.0,0.0,0.0,33.4,0.0,5.04,77.8,0.0,0.0,0.0,0.0,12.2,6.77,0.0,0.0,6.29,109.0,49.1
130.0,2.71,20.2,25.2,247.0,0.0,0.0,0.0,0.0,0.0,33.4,0.0,5.04,82.0,0.0,0.0,0.0,0.0,7.16,6.77,0.0,0.0,6.29,109.0,51.7
135.0,2.71,20.2,25.2,247.0,0.0,0.0,0.0,0.0,0.0,33.4,0.0,0.0,82.0,0.0,0.0,0.0,0.0,7.16,6.77,0.0,2.29,6.29,109.0,47.5
140.0,2.71,20.2,21.0,217.0,0.0,0.0,0.0,0.0,0.0,26.1,0.0,0.0,79.1,0.0,0.0,0.0,8.13,7.16,6.77,0.0,2.29,6.29,90.8,45.0
145.0,0.0,20.2,21.0,204.0,0.0,0.0,0.0,0.0,0.0,19.9,0.0,0.0,83.9,0.0,0.0,0.0,8.13,7.16,6.77,0.0,2.29,6.29,70.2,39.0
150.0,0.0,20.2,21.0,204.0,0.0,5.39,0.0,0.0,0.0,19.9,0.0,0.0,83.9,0.0,0.0,0.0,8.13,13.9,0.0,0.0,2.29,6.29,74.0,46.7
155.0,0.0,20.2,11.5,172.0,0.0,5.39,0.0,0.0,0.0,8.22,0.0,0.0,37.9,0.0,0.0,0.0,8.13,13.9,0.0,0.0,2.29,6.29,38.8,42.0
160.0,0.0,20.2,11.5,172.0,0.0,5.39,0.0,0.0,0.0,8.22,0.0,0.0,37.9,0.0,0.0,0.0,8.13,13.9,0.0,0.0,2.29,6.29,30.3,42.0
165.0,0.0,20.2,11.5,170.0,0.0,5.39,0.0,0.0,0.0,8.22,0.0,0.0,37.9,0.0,0.0,0.0,8.13,13.9,0.0,0.0,8.94,6.29,30.3,37.6
170.0,0.0,20.2,11.5,168.0,0.0,5.39,0.0,0.0,0.0,8.22,0.0,0.0,36.5,0.0,0.0,0.0,8.13,13.9,0.0,0.0,8.94,6.29,28.3,37.6
175.0,0.0,20.2,11.5,168.0,0.0,5.39,0.0,0.0,0.0,8.22,0.0,0.0,31.7,0.0,0.0,0.0,8.13,13.9,0.0,0.0,8.94,6.29,43.7,34.9
180.0,0.0,20.2,11.5,168.0,0.0,5.39,0.0,0.0,0.0,2.31,0.0,0.0,31.7,0.0,0.0,0.0,26.6,13.9,0.0,0.0,28.6,6.29,72.5,79.8
185.0,0.0,20.2,0.0,60.0,0.0,0.0,0.0,0.0,0.0,2.31,0.0,0.0,12.1,0.0,0.0,0.0,26.6,7.16,0.0,0.0,31.6,0.0,66.6,71.6
190.0,0.0,20.2,0.0,60.0,0.0,0.0,0.0,0.0,0.0,2.31,0.0,0.0,12.1,0.0,0.0,0.0,26.6,7.16,0.0,0.0,31.6,0.0,68.5,71.6
195.0,0.0,20.2,0.0,60.0,0.0,0.0,0.0,0.0,0.0,4.6,0.0,0.0,12.1,0.0,0.0,0.0,26.6,7.16,0.0,0.0,26.0,0.0,78.9,83.2
200.0,0.0,20.2,0.0,55.9,0.0,0.0,0.0,0.0,0.0,2.29,0.0,0.0,12.1,0.0,0.0,0.0,26.6,7.16,0.0,0.0,23.7,0.0,57.6,85.5
205.0,0.0,20.2,0.0,55.9,0.0,0.0,0.0,0.0,0.0,2.29,0.0,0.0,12.1,0.0,0.0,0.0,26.6,7.16,0.0,0.0,23.7,0.0,56.2,70.4
210.0,0.0,20.2,0.0,55.9,0.0,0.0,0.0,0.0,0.0,2.29,0.0,0.0,12.1,0.0,0.0,0.0,26.6,7.16,0.0,0.0,32.9,0.0,73.6,102.0
215.0,0.0,20.2,0.0,43.9,0.0,0.0,0.0,0.0,0.0,2.29,0.0,0.0,7.93,0.0,0.0,0.0,26.6,9.72,0.0,0.0,29.9,0.0,55.4,99.8
220.0,0.0,20.2,0.0,43.9,0.0,0.0,0.0,0.0,0.0,3.28,0.0,0.0,7.93,0.0,0.0,0.0,26.6,9.72,0.0,0.0,33.5,0.0,58.4,96.2
225.0,0.0,20.2,0.0,43.9,6.3,0.0,0.0,0.0,0.0,15.3,0.0,0.0,7.93,0.0,0.0,0.0,26.6,9.72,0.0,0.0,39.1,0.0,56.6,77.2
230.0,0.0,20.2,0.0,43.9,6.3,0.0,0.0,0.0,0.0,15.3,0.0,0.0,7.93,0.0,0.0,0.0,26.6,12.2,0.0,0.0,39.1,0.0,51.3,107.0
235.0,0.0,20.2,0.0,43.9,0.0,0.0,0.0,0.0,0.0,15.3,0.0,0.0,7.93,0.0,0.0,0.0,26.6,21.0,0.0,0.0,25.0,0.0,54.8,104.0
240.0,0.0,20.2,0.0,63.4,4.85,5.4,0.0,4.09,9.82,34.7,0.0,5.42,18.5,0.0,0.0,0.0,30.5,150.0,0.0,0.0,131.0,0.0,177.0,423.0
245.0,0.0,20.2,0.0,37.6,4.85,10.9,0.0,4.09,9.82,34.7,0.0,5.42,18.5,0.0,0.0,0.0,30.5,175.0,0.0,0.0,152.0,0.0,157.0,425.0
250.0,0.0,20.2,0.0,25.9,4.85,10.9,0.0,4.09,11.3,34.7,0.0,5.42,18.5,0.0,0.0,0.0,30.5,180.0,0.0,0.0,150.0,0.0,157.0,432.0
255.0,0.0,20.2,0.0,25.9,4.85,21.7,0.0,4.09,11.3,34.7,0.0,5.42,18.5,0.0,0.0,0.0,30.5,180.0,0.0,0.0,183.0,0.0,175.0,453.0
260.0,0.0,20.2,0.0,29.5,4.85,21.7,0.0,4.09,11.3,32.4,0.0,5.42,18.5,0.0,0.0,0.0,30.5,185.0,0.0,0.0,181.0,0.0,195.0,444.0
265.0,0.0,20.2,0.0,29.5,0.685,21.7,0.0,4.09,11.3,45.2,0.0,5.42,18.5,0.0,0.0,0.0,22.4,156.0,0.0,0.0,181.0,0.0,185.0,455.0
270.0,6.76,23.6,0.0,29.5,3.66,27.4,0.0,8.29,16.7,45.2,0.0,5.42,18.5,0.0,0.0,0.0,22.4,221.0,0.0,0.0,262.0,0.0,283.0,625.0
275.0,6.76,23.6,0.0,27.4,3.66,16.6,0.0,8.29,16.7,45.9,0.0,5.42,14.8,0.0,0.0,0.0,3.95,187.0,0.0,0.0,290.484,0.0,272.0,560.0
280.0,16.0,23.6,0.0,27.4,7.55,24.0,0.0,8.29,16.7,55.9,0.0,5.42,14.8,0.0,0.0,0.0,3.95,197.0,0.0,0.0,307.0,0.0,283.0,614.0
285.0,22.1,23.6,0.0,27.4,7.55,24.0,0.0,8.29,16.7,62.8,0.0,5.42,14.8,0.0,0.0,0.0,3.95,201.0,0.0,0.0,387.0,0.0,300.0,651.0
290.0,22.1,23.6,0.0,27.4,7.55,24.0,0.0,8.29,16.7,76.5,0.0,5.42,14.8,0.0,0.0,0.0,3.95,198.0,0.0,0.0,408.0,0.0,305.0,630.0
295.0,22.1,23.6,0.0,27.4,4.58,20.2,0.0,8.29,16.7,76.5,0.0,5.42,14.8,0.0,0.0,0.0,3.95,192.0,0.0,0.0,370.0,0.0,319.0,675.0
300.0,76.5,23.6,0.0,27.4,44.0,68.1,0.0,8.29,16.7,76.5,0.0,5.42,14.8,0.0,0.0,0.0,3.95,477.0,0.0,0.0,609.0,0.0,555.0,1215.14
305.0,76.5,23.6,0.0,15.8,67.9,55.2,0.0,7.52,12.3,79.3,0.0,5.42,6.87,0.0,0.0,0.0,3.95,464.0,0.0,0.0,590.0,0.0,516.0,1154.264
310.0,79.3,23.6,0.0,15.8,67.9,49.7,0.0,7.52,12.3,79.3,0.0,5.42,6.87,0.0,0.0,0.0,3.95,501.0,0.0,0.0,629.0,0.0,525.0,1344.254
315.0,79.3,23.6,0.0,15.8,83.3,52.4,4.34,7.52,10.8,72.8,0.0,5.42,6.87,0.0,0.0,0.0,3.95,563.0,0.0,21.9,768.0,0.0,560.0,1526.706
320.0,79.3,23.6,0.0,15.8,85.7,54.5,6.55,7.52,10.8,56.8,0.0,9.73,6.87,0.0,0.0,0.0,3.95,596.0,0.0,21.9,805.0,0.0,586.0,1652.682
325.0,70.1,23.6,0.0,12.2,85.7,58.3,6.55,7.52,10.8,85.9,0.0,9.73,6.87,0.0,0.0,0.0,3.95,587.0,0.0,21.9,763.0,0.0,581.0,1587.635
330.0,130.0,23.6,0.0,12.2,104.0,121.0,6.55,7.52,10.8,121.0,6.25,20.3,6.87,0.0,0.0,0.0,3.95,853.0,0.0,21.9,971.0,0.0,865.0,2264.992
335.0,119.0,31.0,8.78,12.2,75.0,84.0,9.5,7.52,5.45,130.0,6.25,25.2,0.0,0.0,0.0,0.0,3.95,761.0,0.0,21.9,853.0,0.0,910.0,2211.556
340.0,119.0,31.0,8.78,12.2,75.0,77.6,20.0,9.12,5.45,141.0,6.25,29.2,0.0,0.0,0.0,0.0,3.95,797.0,0.0,21.9,840.0,0.0,944.0,2187.255
345.0,119.0,31.0,8.78,12.2,67.4,93.2,20.0,9.12,5.45,174.0,0.0,32.0,0.0,6.19,5.3,0.0,11.9,782.0,0.0,21.9,1001.461,0.0,1125.932,2370.442
350.0,131.0,31.0,8.78,12.2,66.0,93.2,38.1,9.12,5.45,193.0,0.0,32.0,0.0,6.19,5.3,0.0,11.9,720.0,2.59,21.9,920.0,0.0,1192.267,2374.237
355.0,131.0,31.0,8.78,12.2,66.8,93.2,43.5,11.6,5.45,191.0,0.0,32.0,0.0,6.19,5.3,0.0,11.9,736.0,2.59,21.9,855.0,0.0,1201.579,2387.28
360.0,184.0,33.8,8.78,12.2,151.0,181.0,59.0,27.0,7.38,276.0,0.0,38.0,0.0,6.19,5.3,0.0,15.4,1182.01,2.59,21.9,1332.783,0.0,2166.885,3476.518
365.0,108.0,33.8,8.78,1.93,153.0,166.0,63.3,27.0,1.93,289.0,0.0,52.8,0.0,6.19,5.3,0.0,11.4,1030.085,2.59,21.9,1191.054,9.65,2068.269,2994.265
370.0,116.0,33.8,8.78,1.93,156.0,183.0,63.3,27.0,1.93,398.0,0.0,56.8,0.0,6.19,5.3,10.4,11.4,1025.539,2.59,21.9,1250.211,9.65,2104.738,2971.508
375.0,129.0,33.8,8.78,1.93,173.0,205.0,64.1,27.0,1.93,420.0,0.0,56.8,0.0,6.19,5.3,10.4,11.4,1096.983,2.59,32.4,1300.282,9.65,2169.197,3126.727
380.0,126.0,33.8,8.78,1.93,165.0,185.0,78.0,42.0,1.93,434.0,0.0,56.8,0.0,6.19,5.3,10.4,11.4,1075.548,19.1,32.4,1154.02,9.65,2143.693,2905.271
385.0,142.0,33.8,8.78,1.93,161.0,151.0,79.6,43.5,1.93,445.0,0.0,56.8,0.0,6.19,5.3,10.4,12.7,1070.582,19.1,32.4,1068.193,9.65,2118.514,2754.639
390.0,178.0,37.1,8.78,4.51,213.0,263.0,83.7,64.0,1.93,463.0,0.0,60.5,0.0,14.0,5.3,10.4,16.7,1245.208,19.1,32.4,1281.451,11.8,2652.752,3349.975
395.0,140.0,29.7,8.78,4.51,175.0,223.0,105.0,63.1,1.93,446.0,0.0,56.4,0.0,14.0,14.3,10.4,16.7,1079.149,20.7,32.4,1164.469,11.8,2323.808,2761.115
400.0,144.0,29.7,8.78,4.51,177.0,236.0,117.0,53.6,1.93,440.0,0.0,81.3,0.0,14.0,14.3,10.4,16.7,1069.705,20.7,32.4,1103.543,11.8,2273.639,2757.268
405.0,147.0,36.9,8.78,4.51,220.0,261.0,162.0,56.1,1.93,480.0,0.0,81.3,0.0,14.0,14.3,10.4,16.7,1064.829,20.7,43.8,1147.223,11.8,2427.888,2892.994
410.0,122.0,36.4,8.78,4.51,199.0,245.0,197.0,56.1,1.93,473.0,20.8,78.6,0.0,16.6,18.0,10.4,16.7,894.0,20.7,43.8,1010.164,11.8,2408.764,2580.917
415.0,143.0,39.4,8.78,4.51,188.0,218.0,222.0,61.3,1.93,507.0,20.8,79.7,0.0,16.6,18.0,10.4,16.7,878.0,20.7,43.8,942.0,11.8,2341.774,2488.785
420.0,250.0,39.4,8.78,4.51,230.0,302.0,301.0,74.7,1.93,554.0,20.8,80.7,1.11,16.6,22.5,10.4,19.3,1405.565,30.0,48.6,1107.358,26.9,3387.924,3304.632
425.0,250.0,35.8,8.78,4.51,176.0,187.0,330.0,75.1,1.93,556.0,20.8,62.6,1.11,30.7,22.5,12.9,15.8,1242.953,27.5,48.6,868.0,26.9,2889.501,2745.307
430.0,263.0,35.8,8.78,4.51,184.0,184.0,387.0,75.1,1.93,516.0,20.8,57.8,1.11,50.6,22.5,12.9,15.8,1260.673,27.5,48.6,914.0,26.9,3017.116,2703.657
435.0,298.0,35.8,8.78,4.51,186.0,232.0,436.0,75.1,8.12,462.0,20.8,53.8,1.11,54.4,32.8,12.9,20.3,1270.373,27.5,48.6,907.0,26.9,3184.986,2620.238
440.0,314.0,35.8,8.78,4.51,175.0,209.0,502.0,71.8,16.0,433.0,8.36,50.2,10.6,48.7,29.5,12.9,20.3,1252.088,32.9,38.2,877.0,28.6,3182.404,2552.39
445.0,328.0,35.8,8.78,4.51,185.0,204.0,512.0,110.0,16.0,456.0,8.36,66.7,10.6,57.7,29.5,12.9,22.2,1202.683,32.9,38.2,875.0,28.6,3075.721,2439.537
450.0,397.0,35.8,8.78,4.51,215.0,286.0,618.0,136.0,20.4,521.0,8.36,101.0,10.6,55.6,44.1,19.0,20.3,1415.276,36.7,38.2,1069.127,33.8,3883.899,2795.859
455.0,392.0,43.5,8.78,1.93,169.0,167.0,651.0,140.0,20.4,494.0,8.36,80.8,14.0,55.6,62.0,24.0,20.3,1197.09,40.3,38.2,902.0,22.0,3442.951,2399.674
460.0,401.0,52.4,8.78,1.93,168.0,159.0,716.0,140.0,22.9,497.0,14.6,85.8,14.0,67.6,61.0,28.2,17.7,1143.846,40.3,38.2,935.0,22.0,3527.447,2410.28
465.0,408.0,56.8,8.78,1.93,171.0,192.0,791.0,146.0,25.5,502.0,19.7,101.0,14.0,67.6,61.0,28.2,17.7,1118.626,40.3,49.6,931.0,23.2,3682.113,2593.853
470.0,400.0,74.7,8.78,1.93,156.0,236.0,851.0,144.0,22.1,493.0,19.7,101.0,14.0,92.8,70.4,28.2,9.73,1101.822,42.2,41.4,884.0,23.2,3508.177,2476.05
475.0,418.0,77.3,8.78,1.93,190.0,235.0,910.0,157.0,22.1,471.0,19.7,101.0,14.0,101.0,74.4,30.8,9.73,1098.561,42.2,43.5,856.0,30.5,3502.686,2425.743
480.0,453.0,81.0,8.78,1.93,215.0,374.0,999.0,129.0,25.0,534.0,19.7,95.7,14.0,104.0,83.8,32.5,17.6,1465.664,51.8,43.5,1127.305,53.6,4574.43,2934.299
485.0,359.0,107.0,8.78,0.0,249.0,339.0,969.0,120.0,28.3,475.0,19.7,113.0,16.6,97.7,107.0,32.5,22.5,1199.918,51.8,21.6,993.0,53.6,4015.117,2661.458
490.0,360.0,107.0,0.0,0.0,260.0,313.0,1044.072,140.0,30.9,485.0,19.7,164.0,16.6,116.0,108.0,32.5,22.5,1213.481,51.8,21.6,1089.987,57.4,4005.024,2767.712
495.0,379.0,113.0,0.0,20.2,281.0,302.0,1140.415,145.0,30.9,506.0,26.4,167.0,16.6,116.0,108.0,35.7,22.5,1232.686,51.8,36.4,1043.611,60.4,4141.368,2852.77
500.0,357.0,122.0,4.64,22.9,301.0,304.0,1212.939,148.0,24.8,519.0,19.7,172.0,16.6,144.0,113.0,42.5,21.3,1287.99,84.3,38.8,927.0,63.6,4025.518,2687.221
505.0,364.0,123.0,4.64,22.9,323.0,298.0,1250.076,148.0,24.7,576.0,21.9,172.0,7.15,144.0,119.0,42.5,21.3,1216.714,86.2,38.8,911.0,63.6,3930.087,2783.592
510.0,396.0,143.0,4.64,22.9,442.0,340.0,1295.861,159.0,24.7,605.0,21.9,172.0,14.0,148.0,141.0,45.6,21.3,1366.151,117.0,38.8,1024.204,67.1,4623.536,3191.165
515.0,382.0,161.0,27.0,22.9,451.0,271.0,1362.108,162.0,24.7,611.0,27.9,190.0,14.0,152.0,160.0,46.4,19.7,1071.546,117.0,34.0,963.0,63.3,3935.737,2912.718
520.0,392.0,161.0,57.2,22.9,472.0,263.0,1378.453,171.0,24.7,616.0,31.7,194.0,11.4,152.0,160.0,48.3,19.7,1055.993,120.0,34.0,938.0,63.3,3910.088,2933.627
525.0,379.0,161.0,57.2,22.9,510.0,261.0,1448.727,177.0,30.9,696.0,42.7,199.0,15.3,169.0,164.0,48.3,19.7,982.0,134.0,38.5,1002.505,111.0,3855.471,2948.592
530.0,380.0,171.0,104.0,29.3,528.0,232.0,1447.345,192.0,32.1,693.0,37.6,201.0,15.3,165.0,164.0,48.3,21.5,957.0,151.0,40.5,980.0,118.0,3652.087,2795.522
535.0,377.0,173.0,114.0,29.3,559.0,233.0,1476.714,192.0,32.1,713.0,53.0,185.0,18.5,169.0,164.0,48.3,21.5,843.0,138.0,48.6,994.0,110.0,3398.005,2754.646
540.0,497.0,213.0,148.0,37.8,612.0,291.0,1589.008,205.0,41.3,879.0,58.5,236.0,35.0,173.0,172.0,52.3,25.4,1039.8,168.0,54.2,1268.688,125.0,4348.175,3326.671
545.0,484.0,215.0,138.0,42.4,519.0,208.0,1546.407,207.0,41.3,861.0,92.9,242.0,33.9,168.0,180.0,71.0,21.7,911.0,162.0,54.2,1128.465,131.0,3615.333,3014.782
550.0,488.0,207.0,162.0,50.5,511.0,208.0,1616.409,238.0,35.9,884.0,92.9,248.0,44.7,160.0,183.0,71.0,31.5,898.0,165.0,54.2,1129.017,134.0,3665.533,3046.481
555.0,497.0,220.0,170.0,61.7,530.0,238.0,1660.818,256.0,33.3,903.0,92.9,236.0,44.7,160.0,191.0,71.0,45.0,953.0,177.0,68.5,1093.743,134.0,3848.79,3040.358
560.0,534.0,236.0,184.0,57.1,555.0,261.0,1692.496,258.0,47.2,960.0,95.2,261.0,44.7,155.0,191.0,71.7,49.1,941.0,177.0,68.5,1072.105,141.0,3581.258,3080.875
565.0,512.0,240.0,196.0,69.8,533.0,255.0,1706.504,269.0,39.3,1004.518,95.2,281.0,42.0,163.0,184.0,81.8,49.1,956.0,172.0,70.8,1026.083,146.0,3592.71,2939.743
570.0,567.0,253.0,210.0,69.8,608.0,345.0,1759.13,300.0,40.6,1062.617,95.2,346.0,49.8,163.0,196.0,81.8,55.6,1033.635,197.0,84.6,1099.942,146.0,4132.822,3187.514
575.0,510.0,241.0,231.0,73.9,484.0,331.0,1744.869,311.0,40.6,1008.052,95.2,318.0,48.0,163.0,188.0,82.6,55.6,862.0,199.0,115.0,993.0,150.0,3557.551,2873.44
580.0,489.0,246.0,234.0,65.8,464.0,332.0,1774.209,308.0,40.6,996.0,96.6,328.0,47.5,163.0,189.0,77.6,55.6,861.0,206.0,119.0,959.0,163.0,3526.08,2899.751
585.0,520.0,265.0,241.0,87.6,471.0,365.0,1810.539,317.0,39.3,1037.061,103.0,335.0,47.5,161.0,198.0,79.6,66.9,883.0,209.0,124.0,997.0,169.0,3562.636,2814.057
590.0,569.0,269.0,246.0,87.6,456.0,334.0,1825.635,318.0,36.6,1061.455,103.0,318.0,47.5,169.0,179.0,79.6,66.9,820.0,233.0,119.0,890.0,182.0,3185.949,2773.084
595.0,593.0,272.0,270.0,87.6,438.0,345.0,1832.029,315.0,33.6,1009.43,103.0,306.0,54.4,169.0,180.0,79.6,66.9,775.0,236.0,116.0,842.0,182.0,3046.027,2735.767
600.0,693.0,296.0,295.0,97.4,455.0,382.0,1936.063,352.0,53.1,1184.279,106.0,379.0,70.5,173.0,194.0,81.5,60.4,935.0,250.0,116.0,989.0,210.0,4190.792,2988.041
605.0,594.0,296.0,310.0,78.4,364.0,309.0,1952.597,337.0,43.1,1093.986,106.0,357.0,67.3,157.0,181.0,85.0,58.5,712.0,247.0,105.0,866.0,210.0,3531.051,2799.953
610.0,611.0,276.0,293.0,87.7,337.0,291.0,1958.285,312.0,43.1,1143.435,106.0,417.0,75.3,140.0,171.0,85.0,58.5,675.0,251.0,105.0,855.0,228.0,3669.771,2789.826
615.0,622.0,296.0,293.0,72.1,329.0,306.0,1986.342,331.0,40.7,1226.236,106.0,427.0,75.3,140.0,192.0,83.1,54.0,754.0,251.0,112.0,837.0,233.0,3775.014,2781.099
620.0,622.0,303.0,297.0,63.6,257.0,256.0,2013.479,331.0,31.3,1234.673,106.0,459.0,80.4,141.0,205.0,90.5,61.3,749.0,277.0,112.0,815.0,243.0,3338.611,2664.266
625.0,626.0,305.0,300.0,72.9,257.0,244.0,1996.552,334.0,27.8,1250.832,111.0,491.0,82.8,121.0,201.0,82.9,61.3,708.0,284.0,110.0,814.0,236.0,3279.202,2546.215
630.0,692.0,362.0,319.0,87.6,301.0,271.0,2054.873,358.0,31.1,1371.872,124.0,583.0,91.3,129.0,225.0,82.9,65.8,837.0,322.0,104.0,852.0,245.0,3928.021,2769.411
635.0,635.0,376.0,344.0,86.1,228.0,247.0,2071.834,347.0,37.1,1353.071,124.0,524.0,88.1,128.0,215.0,91.0,60.9,809.0,287.0,104.0,812.0,243.0,3382.27,2547.083
640.0,642.0,371.0,339.0,86.1,249.0,238.0,2074.509,368.0,37.1,1362.724,140.0,529.0,84.7,133.0,232.0,72.3,63.6,756.0,291.0,104.0,797.0,235.0,3371.856,2452.972
645.0,657.0,404.0,345.0,74.5,265.0,262.0,2094.043,373.0,37.1,1450.951,136.0,570.0,90.6,139.0,240.0,76.3,61.0,711.0,291.0,99.0,765.0,241.0,3373.222,2435.684
650.0,655.0,419.0,340.0,78.1,247.0,226.0,2140.466,374.0,35.3,1468.359,134.0,578.0,98.8,137.0,240.0,73.1,74.0,611.0,301.0,101.0,803.0,242.0,3156.829,2437.232
655.0,621.0,403.0,344.0,78.1,234.0,228.0,2212.763,388.0,35.3,1472.689,134.0,577.0,98.8,141.0,245.0,76.5,75.7,554.0,312.0,98.8,806.0,245.0,3056.509,2392.913
660.0,742.0,429.0,344.0,97.5,284.0,245.0,2269.504,425.0,35.3,1728.843,137.0,612.0,99.0,149.0,248.0,87.6,88.1,618.0,323.0,98.8,910.0,260.0,3869.161,2506.674
665.0,600.0,429.0,319.0,97.5,236.0,224.0,2230.016,412.0,32.4,1603.396,124.0,588.0,99.0,91.4,232.0,86.4,86.5,542.0,318.0,93.4,732.0,244.0,3340.818,2124.953
670.0,608.0,429.0,328.0,97.5,232.0,218.0,2270.822,401.0,40.5,1640.064,125.0,595.0,99.0,104.0,229.0,86.4,86.5,536.0,318.0,102.0,699.0,261.0,3318.285,2066.002
675.0,622.0,441.0,337.0,85.2,205.0,225.0,2292.172,410.0,40.5,1700.537,122.0,605.0,99.0,104.0,258.0,87.2,97.0,603.0,323.0,92.3,685.0,261.0,3319.282,2054.185
680.0,589.0,456.0,360.0,80.5,193.0,192.0,2322.486,415.0,42.0,1722.972,114.0,636.0,99.0,94.9,264.0,85.2,97.0,567.0,335.0,97.0,575.0,260.0,3167.192,1935.378
685.0,566.0,451.0,357.0,84.2,180.0,186.0,2314.714,423.0,45.9,1699.402,112.0,666.0,104.0,86.7,254.0,88.5,111.0,535.0,338.0,97.0,518.518,260.0,2949.888,1873.856
690.0,619.0,481.0,378.0,84.2,177.0,206.0,2344.747,437.0,45.9,1821.135,110.0,674.0,101.0,91.1,265.0,92.1,113.0,696.0,355.0,106.0,462.0,271.0,3403.737,1899.935
695.0,563.0,483.0,356.0,55.2,117.0,178.0,2239.307,397.0,39.9,1755.603,107.0,622.0,91.9,93.5,251.0,106.0,106.0,579.0,337.0,103.0,384.0,267.0,2872.629,1742.087
700.0,574.0,485.0,362.0,63.1,118.0,179.0,2228.347,393.0,39.9,1786.724,114.0,658.0,90.6,102.0,240.0,110.0,101.0,613.0,341.0,77.3,429.0,265.0,2831.158,1820.653
705.0,557.0,489.0,367.0,58.2,133.0,183.0,2239.085,383.0,39.9,1787.313,132.0,690.0,93.6,99.3,214.0,106.0,113.0,587.0,372.0,71.4,459.0,267.0,2879.143,1884.316
710.0,558.0,503.0,361.0,58.2,124.0,168.0,2236.4,401.0,39.9,1834.676,139.0,696.0,94.9,91.9,209.0,113.0,113.0,541.0,365.0,74.1,461.0,263.0,2616.507,1760.415
715.0,559.0,494.0,344.0,58.2,124.0,164.0,2238.978,394.0,44.6,1872.321,140.0,713.0,86.8,89.3,214.0,120.0,105.0,494.0,370.0,76.2,378.0,244.0,2495.752,1648.196
720.0,623.0,514.0,363.0,67.5,133.0,197.0,2297.082,448.0,44.6,1984.935,143.0,859.0,89.8,101.0,263.0,126.0,118.0,615.0,392.0,73.7,489.0,256.0,3316.412,1932.472
725.0,524.0,479.0,335.0,47.7,106.0,127.0,2102.362,391.0,37.6,1930.089,145.0,888.0,86.4,106.0,234.0,102.0,111.0,512.0,348.0,64.5,518.0,244.0,2734.648,1814.217
730.0,529.0,476.0,355.0,50.3,92.9,130.0,2161.316,396.0,37.6,2010.227,149.0,889.0,146.0,119.0,248.0,106.0,111.0,546.0,349.0,59.8,576.0,238.0,2799.671,1930.156
735.0,561.0,477.0,378.0,47.2,91.5,137.0,2181.875,407.0,23.3,2038.437,141.0,880.0,149.0,121.0,260.0,109.0,111.0,614.0,375.0,76.0,590.0,237.712,2965.753,1947.591
740.0,549.0,501.0,432.0,58.1,68.6,128.0,2194.648,377.0,23.3,2073.267,164.0,849.0,151.0,126.0,274.0,100.0,131.0,583.0,366.0,78.7,548.0,237.0,2888.932,1922.947
745.0,562.0,513.0,443.0,58.1,56.8,128.0,2170.891,376.0,17.7,2074.77,171.0,843.0,153.0,123.0,277.0,100.0,128.0,544.0,369.0,78.7,564.0,238.0,2706.316,1908.47
750.0,629.0,555.0,447.0,58.3,68.0,124.0,2195.064,406.0,17.7,2281.484,156.0,875.0,160.0,143.0,287.0,105.0,135.0,483.0,405.0,88.2,625.0,275.0,3511.042,2049.178
755.0,569.0,527.0,397.0,58.3,64.6,120.0,2094.06,408.0,17.7,2218.305,146.0,856.0,171.0,175.0,282.0,98.3,120.0,415.0,376.0,78.8,551.0,294.0,2947.442,1851.933
760.0,577.0,527.0,402.0,69.2,74.1,97.0,2129.83,456.0,17.7,2347.46,145.0,892.0,178.0,180.0,274.0,100.0,122.0,412.0,382.0,78.8,548.0,283.0,2961.936,1783.517
765.0,583.0,520.0,417.0,69.2,93.5,107.0,2149.058,468.0,17.7,2511.526,171.0,925.0,173.0,182.0,261.0,115.0,112.0,484.0,405.0,82.7,559.0,287.0,3127.12,1882.072
770.0,569.0,521.0,428.0,71.9,101.0,107.0,2140.934,481.0,17.7,2504.871,165.0,922.0,181.0,186.0,283.0,118.0,117.0,444.0,424.572,82.7,531.0,282.0,3078.3,1773.244
775.0,540.0,511.0,428.0,63.2,111.0,105.0,2179.024,483.0,19.8,2482.844,171.0,941.0,204.0,201.0,289.0,118.0,122.0,445.0,436.0,75.5,507.0,308.0,2972.496,1687.255
780.0,579.0,542.0,447.0,116.0,106.0,111.0,2232.068,506.0,16.7,2675.203,175.0,985.0,242.0,187.0,297.0,132.0,144.0,505.0,462.0,75.5,565.0,331.0,3780.171,1823.066
785.0,541.0,521.0,375.0,131.0,97.1,93.6,2008.203,450.0,15.2,2607.521,161.0,921.0,229.0,179.0,265.0,136.0,132.0,465.0,430.0,72.0,496.0,265.0,2948.485,1634.611
790.0,550.0,541.0,377.0,128.0,89.9,107.0,2050.862,441.0,15.2,2619.121,163.0,949.0,232.0,182.0,276.0,133.0,127.0,441.0,431.0,75.4,518.0,265.0,2993.575,1565.114
795.0,561.0,560.0,381.0,128.0,68.6,127.0,2042.794,446.0,15.2,2617.216,161.0,943.0,241.0,179.0,277.0,130.0,159.0,409.0,441.0,77.1,511.0,284.0,3038.459,1596.548
800.0,589.0,577.0,400.0,127.0,65.2,119.0,2007.349,452.0,15.2,2663.516,169.0,896.0,234.0,207.0,273.0,122.0,146.0,373.0,441.0,79.7,467.0,307.0,3081.627,1607.5
805.0,573.0,571.0,387.0,127.0,55.1,119.0,1986.194,452.0,15.2,2685.901,174.0,900.0,233.0,207.0,261.0,124.0,143.0,337.0,444.0,79.7,430.0,295.0,2995.487,1577.934
810.0,584.0,592.0,388.0,127.0,39.8,125.0,2094.551,461.0,15.2,2827.184,174.0,979.0,262.0,238.0,290.0,134.0,164.0,364.0,476.0,79.7,490.0,308.0,3431.823,1709.029
815.0,552.0,581.0,352.0,114.0,42.1,109.0,1947.787,436.0,15.2,2703.511,170.0,885.0,269.636,230.0,292.0,121.0,161.0,344.0,465.0,92.4,440.0,304.0,2880.122,1539.679
820.0,569.0,582.0,353.0,114.0,46.1,111.0,1954.13,452.0,20.3,2667.503,166.0,877.0,272.0,262.0,293.0,121.0,159.0,346.0,470.0,112.0,481.0,291.0,2915.953,1480.596
825.0,581.0,604.0,362.0,114.0,41.2,111.0,1964.602,452.0,20.3,2634.398,160.0,895.0,279.0,277.0,289.0,121.0,159.0,352.0,466.0,112.0,494.0,299.0,2875.622,1430.043
830.0,565.0,591.0,374.0,116.0,35.7,93.2,1924.241,444.0,16.4,2556.882,155.0,898.0,281.0,283.0,290.0,121.0,160.0,312.0,458.0,123.0,495.0,306.0,2790.829,1407.145
835.0,574.0,594.0,376.0,116.0,29.7,94.5,1879.701,443.0,17.2,2555.585,157.0,942.0,258.0,280.0,314.732,132.0,161.0,301.0,469.0,123.0,448.0,306.0,2698.814,1420.571
840.0,697.0,653.0,387.0,121.0,33.0,112.0,1981.105,464.0,12.1,2754.38,145.0,1038.615,272.0,360.0,348.0,145.0,160.0,431.0,483.0,123.0,554.0,307.0,3499.718,1586.997
845.0,584.0,613.0,379.0,73.0,28.6,93.7,1828.676,409.0,2.87,2605.093,155.0,1029.941,290.0,355.0,287.0,141.0,124.0,381.0,452.0,109.0,549.0,265.0,2889.563,1461.368
850.0,578.0,629.0,386.0,84.0,28.5,96.8,1850.2,421.0,2.87,2626.365,172.0,1083.613,299.0,368.0,291.0,163.0,159.0,416.0,452.0,98.9,607.0,271.0,2950.517,1430.677
855.0,585.0,655.0,401.0,92.7,27.1,88.5,1848.94,423.0,2.87,2689.463,183.0,1211.777,293.0,392.0,308.0,163.0,192.0,389.0,460.0,109.0,649.0,275.0,3144.049,1455.747
860.0,604.0,674.0,358.0,116.0,27.1,75.2,1826.252,423.0,2.87,2683.221,231.0,1193.283,285.0,395.0,285.0,173.0,208.0,392.0,447.0,121.0,599.0,288.0,2925.394,1513.623
865.0,591.0,644.0,347.0,111.0,27.1,73.4,1842.158,425.0,2.87,2680.694,272.0,1208.204,301.0,416.0,305.0,170.0,213.0,420.0,449.0,118.0,586.0,285.0,2823.318,1463.699
870.0,629.0,649.0,356.0,151.0,35.5,88.5,1862.107,443.0,2.87,2894.204,278.0,1326.225,300.0,479.0,353.0,201.0,228.0,465.0,460.0,149.0,615.0,298.0,3527.947,1570.923
875.0,595.0,630.0,338.0,145.0,39.4,75.8,1829.476,416.0,2.87,2760.926,272.0,1437.456,296.0,506.0,360.0,186.0,238.0,438.0,397.0,144.0,599.0,299.0,3104.33,1520.988
880.0,589.0,634.0,338.0,145.0,39.4,70.9,1860.092,413.0,4.52,2813.386,275.0,1477.714,306.0,524.0,414.0,184.0,244.0,470.0,394.0,144.0,533.0,284.0,3171.532,1466.974
885.0,588.0,638.0,324.0,189.0,39.4,71.9,1811.863,412.0,4.52,2894.636,334.0,1488.677,321.0,566.0,419.0,197.0,246.0,464.0,386.0,151.0,534.0,301.0,3275.532,1514.191
890.0,602.0,630.0,287.0,189.0,58.0,71.9,1806.429,431.0,4.52,2965.101,353.0,1465.237,307.0,558.0,438.0,216.0,260.0,499.0,391.0,179.0,477.0,299.0,2890.212,1426.548
895.0,632.0,638.0,282.0,182.0,50.0,62.9,1799.771,461.0,4.52,3002.535,345.0,1489.633,302.0,590.0,429.0,219.0,266.0,520.0,381.0,173.0,438.0,307.0,2787.156,1277.354
900.0,665.0,671.0,285.0,185.0,53.1,58.1,1815.401,480.0,4.52,3203.608,373.0,1517.076,326.0,651.0,454.0,214.0,290.0,685.0,397.0,182.0,549.0,353.0,3872.389,1440.815
905.0,599.0,593.0,232.0,164.0,54.5,41.5,1639.912,420.0,4.52,2807.147,361.0,1474.362,322.0,629.0,427.0,187.0,289.0,651.0,336.0,192.0,547.0,347.0,3396.941,1258.208
910.0,583.0,613.0,234.0,167.0,36.1,38.4,1628.034,419.0,17.8,2787.415,361.0,1488.917,326.0,644.0,459.0,187.0,297.0,730.0,336.0,201.0,520.0,358.0,3435.921,1272.954
915.0,598.0,624.0,221.0,167.0,43.8,47.0,1676.02,415.0,29.8,2866.232,367.0,1562.382,313.0,671.0,486.0,196.0,312.0,754.0,350.0,213.0,564.0,374.0,3428.292,1335.817
920.0,595.0,597.0,207.0,178.0,49.2,33.7,1738.525,393.0,29.8,2826.669,387.0,1554.134,309.0,657.0,499.0,199.0,310.0,721.0,335.0,207.0,607.0,383.0,2977.015,1333.174
925.0,593.0,579.0,217.0,188.0,108.0,33.7,1705.307,384.0,29.8,2817.708,383.0,1561.966,311.0,665.0,509.0,199.0,283.0,754.0,332.0,216.0,619.0,378.0,2907.299,1344.428
930.0,673.0,604.0,218.0,210.0,137.0,65.1,1739.597,396.0,41.8,2928.104,402.0,1628.511,332.0,727.0,559.0,245.0,318.0,828.0,343.0,246.0,622.0,401.0,3380.309,1493.899
935.0,605.0,576.0,191.0,192.0,124.0,74.5,1663.806,372.0,41.8,2631.979,380.0,1588.948,326.0,671.0,550.0,242.0,285.0,812.0,312.0,251.0,561.0,376.0,3020.366,1391.383
940.0,614.0,576.0,206.0,192.0,128.0,81.0,1689.081,358.0,41.8,2682.659,367.0,1562.24,325.0,698.0,561.0,243.0,277.0,834.0,314.0,252.0,547.0,387.0,3039.549,1453.395
945.0,643.0,606.0,206.0,186.0,143.0,81.0,1650.839,324.0,41.8,2748.997,372.0,1564.716,333.0,754.0,552.0,274.0,291.0,894.0,313.0,252.0,598.0,386.0,3088.394,1454.099
950.0,636.0,626.0,188.0,189.0,138.0,104.0,1652.324,320.0,41.8,2760.163,380.0,1605.304,330.0,754.0,565.0,289.0,268.0,914.0,311.0,274.0,626.0,384.0,2868.092,1484.76
955.0,644.0,631.0,175.0,189.0,93.9,110.0,1651.901,314.0,46.5,2742.505,391.0,1652.594,332.0,754.0,533.0,265.0,280.0,865.0,303.0,274.0,622.0,378.0,2832.388,1476.329
960.0,721.0,647.0,167.0,205.0,94.2,141.0,1680.631,322.0,46.5,2988.447,434.0,1684.288,357.0,890.0,625.0,313.0,277.0,1036.514,308.0,318.0,749.0,370.0,3646.284,1791.14
965.0,600.0,548.0,145.0,174.0,93.2,133.0,1468.478,265.0,57.5,2675.847,417.0,1703.062,299.0,865.0,588.0,295.0,275.0,994.0,247.0,305.0,699.0,373.0,3196.197,1746.116
970.0,604.0,546.0,152.0,174.0,87.6,156.0,1496.265,260.0,59.1,2708.288,426.0,1715.054,313.0,860.0,657.0,292.0,286.0,1028.266,246.0,305.0,752.0,383.0,3087.635,1812.766
975.0,607.0,534.0,156.0,174.0,105.0,192.0,1502.26,246.0,61.7,2706.707,445.0,1726.384,327.0,894.0,698.0,292.0,267.0,1038.222,281.0,319.0,806.0,379.0,3248.589,1858.244
980.0,594.0,545.0,152.0,183.0,109.0,184.0,1491.535,249.0,49.7,2669.221,453.0,1750.687,319.0,911.0,746.0,284.0,258.0,967.0,273.0,324.0,772.0,378.0,3169.744,1844.774
985.0,594.0,542.0,179.0,185.0,96.5,213.0,1555.267,247.0,43.5,2621.941,456.0,1794.924,321.0,911.0,741.0,284.0,245.0,989.0,281.0,322.0,724.0,359.0,3094.667,1803.661
990.0,669.0,578.0,187.0,192.0,120.0,226.0,1580.606,255.0,49.4,2696.82,467.0,1899.031,351.0,962.0,749.0,302.0,245.0,1142.548,281.0,327.0,755.0,377.0,3390.878,1967.361
995.0,627.0,531.0,209.0,169.0,111.0,211.0,1478.341,213.0,37.4,2401.158,416.0,1906.52,312.0,920.0,726.0,259.0,227.0,999.0,238.0,312.0,734.0,350.0,3134.267,1883.716
1000.0,640.0,513.0,218.0,175.0,132.0,206.0,1549.288,217.0,37.4,2436.489,429.0,1933.576,314.0,914.0,720.0,256.0,221.0,989.0,236.0,283.0,798.0,364.0,3174.344,1954.283
1005.0,645.0,519.0,221.0,175.0,137.0,204.0,1554.684,219.0,39.6,2441.553,416.0,2028.252,303.0,894.0,718.0,256.0,224.0,1022.68,239.0,300.0,731.0,370.0,3196.071,1994.072
1010.0,579.0,504.0,238.0,134.0,105.0,207.0,1520.02,205.0,39.6,2460.015,418.0,1931.444,295.0,907.0,746.0,250.0,228.0,989.0,238.0,290.0,753.0,360.929,3168.679,1928.537
1015.0,600.0,504.0,238.0,148.0,140.0,212.0,1499.108,207.0,43.6,2479.241,424.0,1936.557,303.0,912.0,754.0,256.0,222.0,1010.797,238.0,290.0,813.0,361.0,3139.635,1894.376
1020.0,666.0,554.0,287.0,167.0,148.0,238.0,1591.541,201.0,67.9,2610.826,454.0,2089.858,327.0,967.0,764.0,256.0,213.0,1065.788,248.0,287.0,1023.771,394.0,3911.304,2201.27
1025.0,636.0,455.0,270.0,162.0,141.0,219.0,1491.581,153.0,62.0,2296.016,416.0,1957.626,300.0,724.0,700.0,231.0,177.0,902.0,154.0,240.0,973.0,318.0,3274.473,2161.471
1030.0,651.0,444.0,270.0,188.0,165.0,301.0,1513.776,155.0,83.2,2322.085,426.0,1965.156,293.0,721.0,797.0,229.0,175.0,872.0,148.0,250.0,1140.769,316.0,3277.56,2275.253
1035.0,694.0,439.0,274.0,215.0,200.0,314.0,1496.897,146.0,81.5,2369.115,426.0,1950.137,317.0,726.0,778.0,246.0,193.0,936.0,148.0,245.0,1164.541,302.0,3288.274,2441.069
1040.0,686.0,433.0,287.0,231.0,236.0,273.0,1495.009,156.0,73.5,2303.008,414.0,1952.876,325.0,729.0,789.0,267.0,184.0,942.0,116.0,261.0,1129.663,310.0,3167.819,2374.795
1045.0,704.0,407.0,279.0,234.0,234.0,311.0,1466.231,154.0,75.2,2323.097,405.0,1973.314,328.0,757.0,794.0,300.0,184.0,927.0,99.1,280.0,1125.103,318.0,3093.244,2430.961
1050.0,759.0,405.0,288.0,236.0,330.0,354.0,1453.241,147.0,94.3,2469.723,418.0,2033.371,359.0,801.0,793.0,298.0,202.0,1195.31,106.0,284.0,1257.41,315.0,3581.883,2698.236
1055.0,728.0,366.0,279.0,197.0,329.0,351.0,1287.369,105.0,94.3,2206.948,407.0,1851.638,344.0,727.0,805.0,276.0,207.0,1101.132,74.0,260.0,1119.16,281.0,3294.217,2493.284
1060.0,748.0,380.0,320.0,218.0,323.0,346.0,1260.603,95.4,94.3,2157.187,403.0,1766.698,342.0,751.0,770.0,279.0,221.0,1066.985,72.6,251.0,1189.194,218.0,3258.078,2530.125
1065.0,746.0,394.0,333.0,237.0,401.0,411.0,1270.403,125.0,123.0,2106.832,416.0,1725.085,359.0,709.0,763.0,286.0,227.0,1083.373,72.6,279.0,1175.945,228.0,3492.334,2564.813
1070.0,734.0,397.0,388.0,229.0,401.0,384.0,1245.963,120.0,121.0,2049.734,399.0,1697.445,354.0,701.0,786.0,317.0,213.0,1074.192,69.4,276.0,1205.058,228.0,3505.224,2531.397
1075.0,721.0,413.0,382.0,240.0,412.0,399.0,1251.984,120.0,121.0,2017.165,360.0,1765.989,363.0,706.0,767.0,321.0,222.0,991.0,50.9,314.0,1198.148,223.0,3420.745,2500.078
1080.0,829.0,419.0,495.0,254.0,462.0,427.0,1305.738,121.0,143.0,2102.186,368.0,1815.439,389.0,745.0,798.0,351.0,222.0,1030.291,55.7,369.0,1218.212,241.0,3980.059,2779.345
1085.0,773.0,336.0,602.0,217.0,436.0,400.0,1091.655,117.0,155.0,1761.762,308.0,1530.935,410.0,635.0,638.0,270.0,185.0,898.0,43.2,373.0,1171.124,167.0,3539.754,2436.566
1090.0,762.0,331.0,718.0,237.0,457.0,398.0,1079.748,115.0,168.0,1714.403,308.0,1492.224,433.0,630.0,640.0,286.0,180.0,948.0,43.2,395.0,1181.385,166.0,3605.562,2509.762
1095.0,790.0,355.0,825.0,212.0,457.0,395.0,1089.829,115.0,162.0,1764.02,305.0,1554.332,458.0,649.0,611.0,317.0,178.0,979.0,43.2,395.0,1186.619,164.0,3798.686,2485.852
1100.0,770.0,310.0,893.0,238.0,464.0,383.0,1053.016,108.0,162.0,1748.564,284.0,1580.925,489.0,602.0,631.0,355.0,178.0,968.0,61.9,412.0,1150.261,158.0,3735.456,2445.193
1105.0,751.0,341.0,923.0,239.0,436.0,398.0,1024.63,89.2,168.0,1671.064,294.0,1570.445,503.0,572.0,591.0,360.0,168.0,927.0,61.9,427.0,1142.091,164.0,3728.43,2424.908
1110.0,830.0,343.0,989.0,262.0,447.0,390.0,1005.377,101.0,223.0,1704.249,281.0,1655.937,566.0,590.0,628.0,362.0,168.0,1003.124,69.3,450.0,1145.271,187.0,4298.614,2641.905
1115.0,734.72,318.0,983.0,293.0,333.0,372.0,868.0,79.6,238.0,1495.521,223.0,1494.438,563.0,450.0,628.0,322.0,162.0,800.0,69.3,492.0,1045.001,186.0,3733.435,2464.329
1120.0,697.0,309.0,1035.461,319.0,340.0,353.0,853.0,77.6,238.0,1526.296,262.0,1517.579,569.0,423.0,644.0,330.0,156.0,773.0,69.3,508.0,1016.754,192.0,3882.018,2469.33
1125.0,691.0,316.0,1122.683,337.0,329.0,356.0,872.0,79.3,262.0,1580.176,260.0,1532.094,614.0,422.0,644.0,357.0,160.0,808.0,74.6,538.0,1029.929,218.0,3981.715,2559.689
1130.0,683.0,302.0,1131.712,336.0,275.0,283.0,847.0,76.3,238.0,1552.377,254.0,1552.95,624.0,422.0,636.0,395.0,149.0,825.0,72.5,544.0,1064.163,211.0,3831.273,2464.255
1135.0,647.0,312.0,1138.852,338.0,275.0,270.0,816.0,79.7,244.0,1558.439,267.0,1610.586,625.0,410.0,566.0,393.0,159.0,806.0,72.5,559.0,1012.704,209.0,3662.674,2445.016
1140.0,721.0,335.0,1216.863,403.0,273.0,258.0,818.0,79.7,276.0,1610.109,295.0,1671.32,653.0,415.0,592.0,407.0,234.0,861.0,97.0,580.0,1209.637,252.0,4418.842,2729.676
1145.0,612.0,252.0,1193.1,378.0,218.0,252.0,706.0,68.1,275.0,1307.592,253.0,1481.821,678.0,338.0,523.0,432.0,209.0,774.0,113.0,549.0,1028.002,220.0,3702.115,2386.375
1150.0,597.0,254.0,1172.407,369.0,210.0,278.0,714.0,68.1,305.0,1311.143,261.0,1519.724,679.0,331.0,509.0,456.0,204.0,771.0,113.0,594.0,1031.482,224.0,3825.35,2439.654
1155.0,609.0,264.0,1200.327,408.0,212.0,305.0,716.0,68.1,288.0,1370.526,261.0,1541.281,720.0,356.0,533.0,467.0,192.0,738.0,113.0,540.0,1058.506,223.0,3781.396,2493.577
1160.0,573.0,264.0,1187.352,402.0,188.0,318.0,674.0,47.1,286.0,1326.844,281.0,1550.949,725.0,358.0,567.0,459.0,188.0,666.0,100.0,549.0,1024.662,207.0,3495.423,2352.747
1165.0,580.0,235.0,1199.111,419.0,172.0,291.0,663.0,47.1,286.0,1268.514,268.0,1579.19,708.0,366.0,599.0,475.0,172.0,628.0,103.0,537.0,1018.07,203.0,3432.985,2211.677
1170.0,541.0,259.0,1232.7,489.0,183.0,290.0,665.0,39.7,303.0,1424.333,260.0,1601.121,754.0,378.0,633.0,459.0,178.0,618.0,108.0,595.0,1021.872,211.0,3982.421,2355.152
1175.0,394.0,233.0,1180.241,477.0,137.0,253.0,601.0,37.8,264.0,1266.157,229.0,1483.796,715.0,364.197,490.0,462.0,157.0,621.0,95.7,549.0,894.0,191.0,3370.304,1945.096
1180.0,392.0,224.0,1209.371,492.0,111.0,290.0,586.0,37.8,253.0,1250.51,209.0,1506.735,752.0,353.0,504.0,468.0,157.0,674.0,95.7,549.0,882.0,200.0,3288.161,1994.962
1185.0,352.0,207.0,1162.078,486.0,107.0,304.0,567.0,42.7,244.0,1184.608,223.0,1522.09,744.0,357.0,490.0,471.0,168.0,627.0,95.7,536.0,831.0,207.0,3293.918,1933.423
1190.0,342.0,197.0,1145.808,492.0,99.0,266.0,496.0,38.8,252.0,1164.734,174.0,1508.64,754.0,355.0,469.0,405.0,168.0,539.0,96.2,510.0,689.0,187.0,3087.625,1843.298
1195.0,331.0,197.0,1157.819,506.0,87.2,237.0,456.0,36.1,252.0,1146.856,154.0,1492.62,760.0,338.0,469.0,405.0,168.0,521.0,100.0,507.0,622.0,187.0,3018.577,1827.363
1200.0,381.0,209.0,1169.678,552.0,94.3,270.0,447.0,33.0,221.0,1177.669,191.0,1463.699,777.0,344.0,488.0,429.0,176.0,605.0,100.0,547.0,760.0,224.0,3541.41,2076.783
1205.0,304.0,163.0,1080.286,527.0,76.5,257.0,320.0,27.2,163.0,843.0,170.0,1295.29,771.0,281.0,461.0,352.0,146.0,526.0,97.3,470.0,689.0,193.0,2729.652,1723.138
1210.0,288.0,155.0,1134.551,554.0,71.8,262.0,314.0,28.6,159.0,831.0,172.0,1278.311,774.0,285.0,406.0,357.0,146.0,523.0,97.3,498.0,636.0,191.0,2733.51,1640.143
1215.0,361.0,155.0,1144.735,556.0,76.6,247.0,322.0,28.6,163.0,838.0,172.0,1181.376,788.0,281.0,400.0,313.0,159.0,570.0,97.3,457.0,588.0,193.0,2604.255,1556.696
1220.0,306.0,150.0,1138.932,587.0,90.7,171.0,297.0,17.9,173.0,825.0,160.0,1128.517,785.0,249.0,393.0,303.0,159.0,488.0,93.4,461.0,565.0,191.0,2444.793,1536.608
1225.0,284.0,138.0,1124.464,594.0,125.0,166.0,297.0,48.4,170.0,755.0,160.0,1093.172,781.0,245.0,352.0,303.0,155.0,483.0,93.4,460.0,548.0,191.0,2302.473,1534.453
1230.0,279.0,140.0,1182.575,649.0,138.0,194.0,298.0,55.6,168.0,821.0,160.0,1045.279,778.0,245.0,349.0,311.0,155.0,487.0,96.4,450.0,517.0,195.0,2512.752,1588.744
1235.0,236.0,113.0,1095.991,602.0,109.0,153.0,206.0,48.1,147.0,663.0,149.0,815.0,722.0,256.0,308.0,269.0,133.0,468.0,83.4,364.0,506.0,179.0,2022.054,1355.032
1240.0,236.0,111.0,1110.473,595.0,95.2,160.0,190.0,48.1,142.0,673.0,151.0,799.0,745.0,253.0,308.0,272.0,133.0,480.0,83.4,352.0,556.0,192.0,1936.971,1299.479
1245.0,230.0,117.0,1101.542,622.0,92.7,137.0,179.0,48.1,147.0,641.0,138.0,795.0,770.0,253.0,311.0,294.0,135.47,510.0,83.4,344.0,512.0,177.0,1850.761,1302.296
1250.0,195.0,115.0,1065.697,620.0,90.4,126.0,150.0,43.2,142.0,575.0,138.0,711.0,770.0,253.0,303.0,261.0,126.0,465.0,83.4,306.0,525.0,161.0,1661.886,1196.534
1255.0,177.0,115.0,1067.531,622.0,87.3,126.0,141.0,43.2,142.0,576.0,132.0,690.0,767.0,253.0,297.0,261.0,126.0,434.0,64.7,296.0,523.0,159.0,1480.378,1183.228
1260.0,169.0,113.0,1076.415,676.0,86.1,146.0,107.0,43.2,122.0,577.0,132.0,690.0,815.0,243.0,309.0,253.0,139.0,480.785,64.7,290.0,570.0,159.0,1669.444,1417.426
1265.0,153.0,54.0,907.0,612.0,70.3,90.9,81.2,41.5,95.2,418.0,104.0,498.0,785.0,174.0,125.0,196.0,135.0,411.0,62.9,196.0,462.0,147.0,1193.24,1175.946
1270.0,135.0,47.8,919.0,615.0,54.8,81.7,57.9,41.5,85.7,395.0,104.0,463.0,738.0,174.0,125.0,196.0,150.0,384.0,40.8,196.0,414.0,140.0,1122.066,1214.158
1275.0,134.0,44.7,914.0,673.0,49.9,75.8,57.9,39.6,78.6,410.0,104.0,443.0,761.0,174.0,79.7,189.0,146.0,350.0,44.6,159.0,403.0,144.0,1167.038,1274.692
1280.0,87.9,44.7,880.0,691.0,52.7,87.9,57.9,39.6,64.7,373.0,110.0,420.0,776.0,158.0,59.9,167.0,149.0,322.0,48.1,159.0,398.0,144.0,1061.931,1078.464
1285.0,82.5,44.7,872.0,699.0,49.5,90.2,46.9,39.6,64.7,358.0,104.0,450.0,773.0,149.0,51.9,167.0,134.0,318.0,48.1,158.0,354.0,144.0,998.0,1043.568
1290.0,58.1,54.0,853.0,745.0,40.5,90.0,46.9,32.4,65.7,376.0,104.0,436.501,815.0,149.0,58.0,183.0,127.0,353.0,45.3,144.0,388.0,144.0,1077.976,1085.545
1295.0,53.5,43.1,651.0,669.0,16.3,66.0,26.9,30.5,51.5,293.0,90.8,356.0,711.0,94.6,53.4,129.0,127.0,324.0,41.6,134.0,351.0,126.0,826.0,829.0
1300.0,53.5,43.1,636.0,657.0,16.3,46.1,22.1,30.5,51.5,289.0,90.8,359.0,725.0,83.3,53.4,124.0,129.0,314.0,41.6,134.0,336.0,99.6,844.0,787.0
1305.0,53.5,47.0,622.0,666.0,11.5,39.0,22.1,30.5,51.5,278.0,82.1,356.0,763.0,80.6,53.4,124.0,127.0,312.0,38.6,134.0,333.0,99.6,847.0,795.0
1310.0,53.5,55.4,554.0,691.0,12.8,27.7,12.3,30.5,51.5,271.0,72.7,348.0,791.0,80.6,44.6,113.0,127.0,155.0,36.8,134.0,312.0,92.7,763.0,799.0
1315.0,47.0,55.4,573.0,696.0,9.94,17.8,12.3,30.5,56.9,246.0,72.7,344.0,776.0,80.6,44.6,113.0,129.0,162.0,36.8,134.0,283.0,96.6,707.0,749.0
1320.0,30.8,55.4,578.0,719.0,18.8,9.87,12.3,30.5,63.4,253.0,72.7,347.0,820.0,80.6,44.6,136.0,127.0,149.0,36.8,127.0,305.0,96.6,753.0,840.0
1325.0,18.5,43.8,475.0,643.0,17.5,5.07,12.3,30.5,30.7,185.0,33.0,177.0,686.0,39.2,25.1,107.0,59.7,127.0,19.7,93.5,231.0,52.6,405.0,753.0
1330.0,18.5,35.4,437.0,660.0,10.2,11.2,12.3,30.5,30.7,169.0,33.0,178.0,740.0,39.2,22.7,85.7,30.5,101.0,19.7,93.5,224.0,52.6,431.0,762.0
1335.0,18.5,35.4,449.0,654.0,8.86,11.2,4.04,30.5,30.7,175.0,33.0,164.0,732.0,39.2,22.7,85.7,30.5,101.0,19.7,93.5,163.0,49.5,413.0,729.0
1340.0,18.5,35.4,409.0,688.0,8.86,6.15,4.04,30.5,30.7,187.0,33.0,148.0,703.0,45.8,22.7,85.7,30.5,93.3,19.7,70.2,139.0,37.9,398.0,641.0
1345.0,18.5,35.4,404.0,682.0,8.86,6.15,4.04,0.0,30.7,182.0,33.0,135.0,665.0,45.8,22.7,85.7,30.5,80.3,19.7,63.8,159.0,37.9,322.0,581.0
1350.0,18.5,54.4,405.0,711.0,8.86,35.5,1.61,0.0,30.7,182.0,33.0,138.0,676.0,45.8,24.8,85.7,30.5,75.4,19.7,63.8,200.0,50.7,325.0,617.0
1355.0,16.0,54.4,358.0,662.0,19.1,29.4,2.69,0.0,15.3,136.0,26.5,116.0,652.0,45.8,13.4,42.5,27.1,68.0,19.7,41.9,174.0,40.3,229.0,517.0
1360.0,16.0,54.4,347.0,674.0,19.1,35.6,2.69,0.0,15.3,146.0,26.5,131.0,649.0,45.8,13.4,36.4,27.1,68.0,19.7,41.9,157.0,40.3,233.0,488.0
1365.0,20.5,56.3,327.0,723.0,19.1,29.4,2.69,0.0,15.3,137.0,26.5,92.6,627.0,45.8,13.4,36.4,27.1,35.2,19.7,33.5,185.0,40.3,226.0,470.0
1370.0,22.4,56.3,337.0,719.0,10.3,33.5,2.69,0.0,15.3,141.0,26.5,85.2,623.0,45.8,13.4,36.4,27.1,33.1,19.7,33.5,174.0,40.3,192.0,313.0
1375.0,22.4,56.3,336.0,680.0,10.3,24.8,5.27,0.0,15.3,143.0,26.5,72.4,615.0,45.8,9.43,36.4,27.1,40.3,17.7,33.5,154.0,36.3,189.0,256.0
1380.0,22.4,56.3,331.0,719.0,16.7,30.2,5.27,0.0,9.92,145.0,26.5,88.4,631.0,45.8,9.43,36.4,27.1,35.0,13.6,33.5,148.0,37.9,227.0,250.0
1385.0,20.5,54.4,253.0,604.0,16.7,9.5,5.27,0.0,9.92,76.5,0.0,78.8,489.0,39.7,9.43,36.4,5.51,45.9,13.6,12.4,135.0,36.8,197.0,245.0
1390.0,17.1,54.4,253.0,584.0,16.7,16.1,22.0,0.0,9.92,63.2,0.0,78.8,486.0,39.7,2.14,36.4,5.51,45.9,13.6,12.4,133.0,36.8,185.0,174.0
1395.0,17.1,54.4,241.0,600.0,25.9,16.1,22.0,0.0,9.92,51.9,0.0,76.6,466.0,39.7,2.14,36.4,5.51,45.9,13.6,12.4,139.0,36.8,204.0,143.0
1400.0,17.1,54.4,241.0,603.0,25.9,16.1,19.4,0.0,9.92,29.0,0.0,72.7,470.0,39.7,2.14,36.4,5.51,36.5,13.6,7.72,119.0,36.8,195.0,140.0
1405.0,19.8,54.4,228.0,584.0,25.9,16.1,19.4,0.0,9.92,29.0,0.0,72.7,475.0,39.7,2.14,36.4,5.51,36.5,13.6,0.0,89.3,36.8,196.0,133.0
1410.0,19.8,54.4,234.0,594.0,25.9,18.7,19.4,0.0,9.92,29.0,0.0,51.3,473.0,39.7,2.14,36.4,18.3,29.3,13.6,0.0,99.5,36.8,198.0,121.0
1415.0,9.04,41.3,165.0,569.0,19.5,13.3,19.4,0.0,0.0,20.2,0.0,51.3,430.0,6.62,0.0,0.0,18.3,29.3,1.82,0.0,87.9,35.0,171.0,93.0
1420.0,9.04,41.3,165.0,589.0,19.5,13.3,19.4,0.0,0.0,20.2,0.0,42.1,429.0,6.62,0.0,0.0,18.3,15.8,1.82,0.0,87.9,35.0,152.0,93.9
1425.0,7.22,41.3,159.0,594.0,19.5,6.75,17.8,0.0,0.0,20.2,0.0,27.5,409.0,6.62,0.0,0.0,18.3,15.8,1.82,0.0,88.6,35.0,114.0,93.6
1430.0,7.22,22.3,119.0,595.0,10.3,2.65,17.8,0.0,0.0,20.2,0.0,17.6,404.0,6.62,0.0,0.0,18.3,12.2,1.82,0.0,87.8,29.8,102.0,80.6
1435.0,7.22,22.3,119.0,603.0,10.3,2.65,17.8,0.0,0.0,20.2,0.0,17.6,403.0,6.62,0.0,0.0,12.8,1.3,1.82,0.0,86.2,29.8,102.0,90.8